business_date,close_price,high_price,low_price,total_traded_quantity,total_traded_value,total_trades,day,month,weekday,volume_class,anomaly_label,year,year_month,week,prev_total_trades,avg_traded_qty_3
2025-06-29,1204.43,1217.7,1200.0,11750,14136911.9,171,29,6,6,0,0,2025,2025-06,26,,
2025-06-26,1202.08,1220.0,1201.0,9229,11163083.7,169,26,6,3,0,0,2025,2025-06,26,171.0,
2025-06-25,1210.3,1229.9,1205.0,7860,9509528.1,132,25,6,2,0,0,2025,2025-06,26,169.0,9613.0
2025-06-24,1212.55,1225.0,1206.0,8086,9802899.4,151,24,6,1,0,0,2025,2025-06,26,132.0,8391.666666666666
2025-06-23,1206.36,1225.0,1201.1,9899,11988985.7,141,23,6,0,0,0,2025,2025-06,26,151.0,8615.0
2025-06-22,1212.74,1229.9,1210.0,10785,13114047.5,190,22,6,6,0,0,2025,2025-06,25,141.0,9590.0
2025-06-19,1216.32,1243.0,1215.2,22379,27337032.1,196,19,6,3,0,0,2025,2025-06,25,190.0,14354.333333333334
2025-06-18,1221.15,1241.0,1220.0,12626,15471268.9,180,18,6,2,0,0,2025,2025-06,25,196.0,15263.333333333334
2025-06-17,1231.95,1245.0,1220.1,16653,20479271.7,167,17,6,1,0,0,2025,2025-06,25,180.0,17219.333333333332
2025-06-16,1229.77,1244.0,1194.6,21740,26483028.6,258,16,6,0,0,0,2025,2025-06,25,167.0,17006.333333333332
2025-06-15,1215.13,1234.0,1211.0,13589,16603614.9,227,15,6,6,0,0,2025,2025-06,24,258.0,17327.333333333332
2025-06-12,1224.08,1235.0,1220.0,21767,26657346.0,300,12,6,3,0,0,2025,2025-06,24,227.0,19032.0
2025-06-11,1235.86,1267.0,1235.0,8129,10123658.9,161,11,6,2,0,0,2025,2025-06,24,300.0,14495.0
2025-06-10,1260.78,1275.0,1250.0,14039,17744512.7,228,10,6,1,0,0,2025,2025-06,24,161.0,14645.0
2025-06-09,1249.82,1260.0,1213.0,21565,26606777.9,270,9,6,0,0,0,2025,2025-06,24,228.0,14577.666666666666
2025-06-08,1218.06,1233.0,1212.1,8621,10518468.5,167,8,6,6,0,0,2025,2025-06,23,270.0,14741.666666666666
2025-06-05,1227.11,1240.0,1223.1,10770,13221589.2,163,5,6,3,0,0,2025,2025-06,23,167.0,13652.0
2025-06-04,1226.65,1240.0,1222.0,6621,8134621.7,127,4,6,2,0,0,2025,2025-06,23,163.0,8670.666666666666
2025-06-03,1232.52,1250.0,1230.0,12353,15273491.6,172,3,6,1,0,0,2025,2025-06,23,127.0,9914.666666666666
2025-06-02,1248.99,1266.0,1241.1,12403,15541168.3,222,2,6,0,0,0,2025,2025-06,23,172.0,10459.0
2025-05-28,1235.67,1259.2,1198.0,12899,15936336.0,214,28,5,2,0,0,2025,2025-05,22,222.0,12551.666666666666
2025-05-27,1234.6,1255.0,1230.0,14535,17971366.5,197,27,5,1,0,0,2025,2025-05,22,214.0,13279.0
2025-05-26,1242.97,1297.0,1240.0,11033,13822487.9,173,26,5,0,0,0,2025,2025-05,22,197.0,12822.333333333334
2025-05-25,1246.7,1283.7,1240.0,9846,12323711.9,181,25,5,6,0,0,2025,2025-05,21,173.0,11804.666666666666
2025-05-22,1258.56,1290.0,1255.0,8281,10473483.2,163,22,5,3,0,0,2025,2025-05,21,181.0,9720.0
2025-05-21,1268.38,1363.7,1260.2,33527,43603272.9,375,21,5,2,1,0,2025,2025-05,21,163.0,17218.0
2025-05-20,1285.47,1300.0,1235.0,13374,17044090.0,222,20,5,1,0,0,2025,2025-05,21,375.0,18394.0
2025-05-19,1253.05,1277.9,1230.0,17093,21502637.4,242,19,5,0,0,0,2025,2025-05,21,222.0,21331.333333333332
2025-05-18,1228.19,1244.0,1221.0,15239,18763180.3,197,18,5,6,0,0,2025,2025-05,20,242.0,15235.333333333334
2025-05-15,1225.0,1256.4,1223.0,18469,22715675.0,247,15,5,3,0,0,2025,2025-05,20,197.0,16933.666666666668
2025-05-14,1231.86,1244.9,1230.0,17752,21915500.3,250,14,5,2,0,0,2025,2025-05,20,247.0,17153.333333333332
2025-05-13,1236.47,1265.0,1231.0,24341,30234636.3,346,13,5,1,0,0,2025,2025-05,20,250.0,20187.333333333332
2025-05-11,1250.96,1280.0,1248.0,24903,31388333.0,291,11,5,6,0,0,2025,2025-05,19,346.0,22332.0
2025-05-08,1267.17,1300.0,1260.0,22794,29139611.6,338,8,5,3,0,0,2025,2025-05,19,291.0,24012.666666666668
2025-05-07,1295.54,1322.9,1253.0,25635,33018377.9,353,7,5,2,0,0,2025,2025-05,19,338.0,24444.0
2025-05-06,1273.19,1290.0,1270.0,17488,22314576.6,302,6,5,1,0,0,2025,2025-05,19,353.0,21972.333333333332
2025-05-05,1288.47,1300.1,1280.0,15600,20120428.7,211,5,5,0,0,0,2025,2025-05,19,302.0,19574.333333333332
2025-05-04,1286.12,1317.9,1285.0,26329,34041964.3,325,4,5,6,0,0,2025,2025-05,18,211.0,19805.666666666668
2025-04-30,1297.02,1319.9,1293.6,26763,34899516.2,413,30,4,2,0,0,2025,2025-04,18,325.0,22897.333333333332
2025-04-29,1311.01,1328.0,1306.6,36947,48735052.8,441,29,4,1,1,0,2025,2025-04,18,413.0,30013.0
2025-04-28,1333.25,1382.0,1330.0,22148,29794751.4,286,28,4,0,0,0,2025,2025-04,18,441.0,28619.333333333332
2025-04-27,1355.49,1400.0,1350.0,38326,52787630.1,438,27,4,6,1,0,2025,2025-04,17,286.0,32473.666666666668
2025-04-24,1378.11,1392.0,1316.0,29297,39518517.2,378,24,4,3,0,0,2025,2025-04,17,438.0,29923.666666666668
2025-04-23,1322.99,1353.9,1310.0,32506,43011311.2,446,23,4,2,1,0,2025,2025-04,17,378.0,33376.333333333336
2025-04-22,1346.25,1387.0,1335.0,35087,47473096.0,390,22,4,1,1,0,2025,2025-04,17,446.0,32296.666666666668
2025-04-21,1373.15,1400.0,1353.5,25729,35303093.7,321,21,4,0,0,0,2025,2025-04,17,390.0,31107.333333333332
2025-04-20,1381.09,1439.9,1375.1,33311,46369943.3,441,20,4,6,1,0,2025,2025-04,16,321.0,31375.666666666668
2025-04-17,1418.07,1459.0,1400.0,49654,71406971.6,522,17,4,3,1,0,2025,2025-04,16,441.0,36231.333333333336
2025-04-16,1415.74,1469.8,1402.0,27913,39894459.6,350,16,4,2,0,0,2025,2025-04,16,522.0,36959.333333333336
2025-04-15,1441.37,1456.0,1367.0,82681,118174156.6,911,15,4,1,1,0,2025,2025-04,16,350.0,53416.0
2025-04-13,1368.77,1389.0,1356.0,30187,41283360.8,362,13,4,6,0,0,2025,2025-04,15,911.0,46927.0
2025-04-10,1376.22,1398.9,1367.0,24467,33708444.4,285,10,4,3,0,0,2025,2025-04,15,362.0,45778.333333333336
2025-04-09,1384.39,1400.0,1315.0,38715,53477954.4,393,9,4,2,1,0,2025,2025-04,15,285.0,31123.0
2025-04-08,1339.61,1348.8,1300.1,27251,36027035.1,359,8,4,1,0,0,2025,2025-04,15,393.0,30144.333333333332
2025-04-07,1339.03,1380.0,1335.3,43956,59550007.7,538,7,4,0,1,0,2025,2025-04,15,359.0,36640.666666666664
2025-04-03,1378.32,1437.0,1370.1,57061,80001643.6,635,3,4,3,1,0,2025,2025-04,14,538.0,42756.0
2025-04-02,1396.46,1401.0,1287.0,74922,102719829.1,816,2,4,2,1,0,2025,2025-04,14,635.0,58646.333333333336
2025-04-01,1307.65,1334.0,1276.0,50954,66518456.6,484,1,4,1,1,0,2025,2025-04,14,816.0,60979.0
2025-03-30,1323.11,1346.0,1280.0,38228,50730963.1,510,30,3,6,1,0,2025,2025-03,13,484.0,54701.333333333336
2025-03-27,1300.63,1305.0,1240.0,31674,40476618.9,381,27,3,3,0,0,2025,2025-03,13,510.0,40285.333333333336
2025-03-26,1252.71,1279.9,1195.0,28107,34629187.8,366,26,3,2,0,0,2025,2025-03,13,381.0,32669.666666666668
2025-03-25,1199.15,1260.0,1194.9,37004,44898154.4,568,25,3,1,1,0,2025,2025-03,13,366.0,32261.666666666668
2025-03-24,1257.85,1304.0,1253.0,49128,62455571.3,667,24,3,0,1,0,2025,2025-03,13,568.0,38079.666666666664
2025-03-23,1282.83,1331.1,1279.0,36890,47919053.6,490,23,3,6,1,0,2025,2025-03,12,667.0,41007.333333333336
2025-03-20,1328.5,1340.0,1315.0,14434,19160293.1,206,20,3,3,0,0,2025,2025-03,12,490.0,33484.0
2025-03-19,1327.0,1344.0,1304.0,14931,19747307.6,234,19,3,2,0,0,2025,2025-03,12,206.0,22085.0
2025-03-18,1318.0,1353.0,1313.0,33899,45011610.1,446,18,3,1,1,0,2025,2025-03,12,234.0,21088.0
2025-03-17,1339.0,1360.0,1320.0,27886,37376039.2,356,17,3,0,0,0,2025,2025-03,12,446.0,25572.0
2025-03-16,1345.0,1380.0,1336.1,25085,33937946.0,387,16,3,6,0,0,2025,2025-03,11,356.0,28956.666666666668
2025-03-12,1392.0,1409.0,1340.0,34591,47871038.5,392,12,3,2,1,0,2025,2025-03,11,387.0,29187.333333333332
2025-03-11,1359.9,1432.9,1351.0,28254,38914805.7,460,11,3,1,0,0,2025,2025-03,11,392.0,29310.0
2025-03-10,1405.0,1450.0,1400.0,32581,46068469.7,426,10,3,0,1,0,2025,2025-03,11,460.0,31808.666666666668
2025-03-09,1434.0,1470.0,1403.2,99738,143676264.0,1103,9,3,6,1,0,2025,2025-03,10,426.0,53524.333333333336
2025-03-06,1490.0,1518.0,1488.0,27044,40515592.5,396,6,3,3,0,0,2025,2025-03,10,1103.0,53121.0
2025-03-05,1500.0,1539.0,1496.1,32789,49524339.4,453,5,3,2,1,0,2025,2025-03,10,396.0,53190.333333333336
2025-03-04,1512.0,1565.0,1505.0,60429,92767027.4,677,4,3,1,1,0,2025,2025-03,10,453.0,40087.333333333336
2025-03-03,1549.0,1600.0,1545.0,46062,71983273.9,588,3,3,0,1,0,2025,2025-03,10,677.0,46426.666666666664
2025-03-02,1575.0,1580.0,1511.3,63071,97872626.2,709,2,3,6,1,0,2025,2025-03,9,588.0,56520.666666666664
2025-02-27,1525.0,1545.5,1490.0,46797,71108794.4,589,27,2,3,1,0,2025,2025-02,9,709.0,51976.666666666664
2025-02-25,1489.0,1531.0,1483.0,35380,53139678.9,491,25,2,1,1,0,2025,2025-02,9,589.0,48416.0
2025-02-24,1520.0,1557.5,1505.8,70092,107617179.5,695,24,2,0,1,0,2025,2025-02,9,491.0,50756.333333333336
2025-02-23,1527.0,1558.9,1465.0,78937,119826132.4,767,23,2,6,1,0,2025,2025-02,8,695.0,61469.666666666664
2025-02-20,1507.0,1549.0,1491.1,52605,79949152.5,564,20,2,3,1,0,2025,2025-02,8,767.0,67211.33333333333
2025-02-18,1521.0,1560.0,1459.0,86272,130199706.3,1038,18,2,1,1,0,2025,2025-02,8,564.0,72604.66666666667
2025-02-17,1459.0,1470.0,1445.0,33922,49504680.2,444,17,2,0,1,0,2025,2025-02,8,1038.0,57599.666666666664
2025-02-16,1445.0,1465.9,1441.0,33870,49135170.6,445,16,2,6,1,0,2025,2025-02,7,444.0,51354.666666666664
2025-02-13,1441.0,1490.0,1426.0,41746,60738065.6,390,13,2,3,1,0,2025,2025-02,7,445.0,36512.666666666664
2025-02-12,1455.0,1489.0,1406.0,71366,103801778.5,781,12,2,2,1,0,2025,2025-02,7,390.0,48994.0
2025-02-11,1406.0,1417.0,1371.0,26992,37888221.7,294,11,2,1,0,0,2025,2025-02,7,781.0,46701.333333333336
2025-02-10,1380.1,1415.0,1380.1,30188,42137424.6,338,10,2,0,0,0,2025,2025-02,7,294.0,42848.666666666664
2025-02-09,1402.0,1435.0,1400.0,48311,68116468.2,419,9,2,6,1,0,2025,2025-02,6,338.0,35163.666666666664
2025-02-06,1415.0,1456.3,1405.1,31714,45018999.4,293,6,2,3,0,0,2025,2025-02,6,419.0,36737.666666666664
2025-02-05,1429.0,1436.0,1415.0,29335,41827491.9,294,5,2,2,0,0,2025,2025-02,6,293.0,36453.333333333336
2025-02-04,1431.0,1460.0,1430.0,41145,59369544.1,327,4,2,1,1,0,2025,2025-02,6,294.0,34064.666666666664
2025-02-03,1436.9,1488.0,1430.0,38268,55529682.7,415,3,2,0,1,0,2025,2025-02,6,327.0,36249.333333333336
2025-02-02,1468.0,1474.0,1420.0,63886,93104462.3,684,2,2,6,1,0,2025,2025-02,5,415.0,47766.333333333336
2025-01-28,1415.0,1438.0,1400.0,48835,68689103.6,302,28,1,1,1,0,2025,2025-01,5,684.0,50329.666666666664
2025-01-27,1415.0,1428.0,1380.0,54452,76666540.7,477,27,1,0,1,0,2025,2025-01,5,302.0,55724.333333333336
2025-01-26,1390.0,1410.0,1376.1,38675,54001325.6,377,26,1,6,1,0,2025,2025-01,4,477.0,47320.666666666664
2025-01-23,1384.9,1427.8,1375.2,31725,44329291.4,305,23,1,3,0,0,2025,2025-01,4,377.0,41617.333333333336
2025-01-22,1403.2,1420.0,1370.0,57298,80371030.3,585,22,1,2,1,0,2025,2025-01,4,305.0,42566.0
2025-01-21,1365.0,1381.0,1303.4,43608,59538808.7,447,21,1,1,1,0,2025,2025-01,4,585.0,44210.333333333336
2025-01-20,1330.0,1348.0,1316.0,19079,25328480.6,226,20,1,0,0,0,2025,2025-01,4,447.0,39995.0
2025-01-19,1322.9,1340.0,1314.5,7453,9866886.9,153,19,1,6,0,0,2025,2025-01,3,226.0,23380.0
2025-01-16,1322.2,1360.0,1322.1,18819,25102078.7,210,16,1,3,0,0,2025,2025-01,3,153.0,15117.0
2025-01-15,1345.0,1380.0,1339.9,19702,26716519.9,239,15,1,2,0,0,2025,2025-01,3,210.0,15324.666666666666
2025-01-13,1339.9,1355.0,1316.0,14143,18886078.6,218,13,1,0,0,0,2025,2025-01,3,239.0,17554.666666666668
2025-01-12,1359.0,1359.0,1330.0,13728,18353184.0,184,12,1,6,0,0,2025,2025-01,2,218.0,15857.666666666666
2025-01-09,1354.3,1380.0,1345.0,17455,23626643.1,228,9,1,3,0,0,2025,2025-01,2,184.0,15108.666666666666
2025-01-08,1369.9,1380.0,1353.0,13100,17923003.7,219,8,1,2,0,0,2025,2025-01,2,228.0,14761.0
2025-01-07,1368.9,1404.0,1350.0,17362,23696128.7,291,7,1,1,0,0,2025,2025-01,2,219.0,15972.333333333334
2025-01-06,1377.0,1377.0,1301.0,31959,43067276.9,412,6,1,0,0,0,2025,2025-01,2,291.0,20807.0
2025-01-05,1316.0,1330.0,1301.5,10242,13388500.9,268,5,1,6,0,0,2025,2025-01,1,412.0,19854.333333333332
2025-01-02,1319.0,1328.0,1307.0,12768,16815287.7,134,2,1,3,0,0,2025,2025-01,1,268.0,18323.0
2025-01-01,1323.0,1344.9,1301.5,6607,8703391.4,115,1,1,2,0,0,2025,2025-01,1,134.0,9872.333333333334
2024-12-31,1320.0,1355.0,1300.0,15680,20647338.1,232,31,12,1,0,0,2024,2024-12,1,115.0,11685.0
2024-12-29,1355.0,1370.0,1326.0,15268,20559002.2,204,29,12,6,0,0,2024,2024-12,52,232.0,12518.333333333334
2024-12-26,1344.0,1350.0,1320.0,13344,17697792.3,187,26,12,3,0,0,2024,2024-12,52,204.0,14764.0
2024-12-24,1352.0,1369.0,1326.0,14394,19409694.9,189,24,12,1,0,0,2024,2024-12,52,187.0,14335.333333333334
2024-12-23,1330.0,1340.0,1318.1,8929,11826341.4,132,23,12,0,0,0,2024,2024-12,52,189.0,12222.333333333334
2024-12-22,1322.9,1333.0,1300.0,6582,8699997.3,132,22,12,6,0,0,2024,2024-12,51,132.0,9968.333333333334
2024-12-19,1313.0,1355.0,1311.3,28802,38355081.8,240,19,12,3,0,0,2024,2024-12,51,132.0,14771.0
2024-12-18,1355.0,1370.0,1345.0,12958,17497570.4,110,18,12,2,0,0,2024,2024-12,51,240.0,16114.0
2024-12-17,1349.0,1375.0,1348.0,7185,9731931.4,143,17,12,1,0,0,2024,2024-12,51,110.0,16315.0
2024-12-16,1360.0,1375.0,1350.0,24483,33313470.9,235,16,12,0,0,0,2024,2024-12,51,143.0,14875.333333333334
2024-12-12,1382.6,1436.0,1382.0,18277,25574183.2,227,12,12,3,0,0,2024,2024-12,50,235.0,16648.333333333332
2024-12-11,1425.0,1425.0,1393.0,12160,17053363.3,134,11,12,2,0,0,2024,2024-12,50,227.0,18306.666666666668
2024-12-10,1410.0,1439.0,1391.5,10261,14434673.7,166,10,12,1,0,0,2024,2024-12,50,134.0,13566.0
2024-12-09,1414.0,1420.0,1383.0,24862,34610597.2,282,9,12,0,0,0,2024,2024-12,50,166.0,15761.0
2024-12-08,1395.0,1457.0,1390.0,26319,37136926.7,332,8,12,6,0,0,2024,2024-12,49,282.0,20480.666666666668
2024-12-05,1429.0,1485.0,1422.0,19344,27905191.6,272,5,12,3,0,0,2024,2024-12,49,332.0,23508.333333333332
2024-12-04,1470.0,1499.0,1463.0,18175,26800905.0,242,4,12,2,0,0,2024,2024-12,49,272.0,21279.333333333332
2024-12-03,1485.9,1510.0,1465.0,30642,45296347.0,331,3,12,1,0,0,2024,2024-12,49,242.0,22720.333333333332
2024-12-02,1490.0,1530.0,1475.0,28054,41750586.8,299,2,12,0,0,0,2024,2024-12,49,331.0,25623.666666666668
2024-12-01,1500.0,1530.0,1481.7,30009,44959604.0,363,1,12,6,0,0,2024,2024-12,48,299.0,29568.333333333332
2024-11-28,1511.8,1565.0,1511.5,29968,45945689.7,327,28,11,3,0,0,2024,2024-11,48,363.0,29343.666666666668
2024-11-27,1545.0,1566.0,1522.1,32355,49900223.6,312,27,11,2,1,0,2024,2024-11,48,327.0,30777.333333333332
2024-11-26,1538.0,1590.0,1510.3,46563,72242858.7,421,26,11,1,1,0,2024,2024-11,48,312.0,36295.333333333336
2024-11-25,1570.0,1574.0,1480.0,97384,150865836.1,888,25,11,0,1,0,2024,2024-11,48,421.0,58767.333333333336
2024-11-24,1498.0,1510.0,1431.0,69520,103097649.9,695,24,11,6,1,0,2024,2024-11,47,888.0,71155.66666666667
2024-11-21,1454.0,1479.0,1416.0,24447,34981401.1,271,21,11,3,0,0,2024,2024-11,47,695.0,63783.666666666664
2024-11-20,1454.5,1454.5,1410.0,23473,33562275.8,269,20,11,2,0,0,2024,2024-11,47,271.0,39146.666666666664
2024-11-19,1422.0,1479.0,1422.0,36148,52402720.3,397,19,11,1,1,0,2024,2024-11,47,269.0,28022.666666666668
2024-11-17,1470.0,1488.0,1445.0,37573,55031778.5,347,17,11,6,1,0,2024,2024-11,46,397.0,32398.0
2024-11-14,1450.0,1460.0,1426.0,32033,46337807.8,306,14,11,3,0,0,2024,2024-11,46,347.0,35251.333333333336
2024-11-13,1430.0,1470.0,1425.0,26059,37687696.4,309,13,11,2,0,0,2024,2024-11,46,306.0,31888.333333333332
2024-11-12,1460.0,1468.0,1425.9,32745,47391112.8,372,12,11,1,1,0,2024,2024-11,46,309.0,30279.0
2024-11-11,1440.0,1440.0,1366.0,51968,73799964.8,618,11,11,0,1,0,2024,2024-11,46,372.0,36924.0
2024-11-10,1360.0,1360.0,1329.0,28201,38090632.6,321,10,11,6,0,0,2024,2024-11,45,618.0,37638.0
2024-11-06,1329.0,1337.2,1310.0,10086,13345038.6,150,6,11,2,0,0,2024,2024-11,45,321.0,30085.0
2024-11-05,1330.0,1351.0,1310.0,11063,14682823.4,174,5,11,1,0,0,2024,2024-11,45,150.0,16450.0
2024-10-30,1325.0,1352.9,1321.0,13238,17664645.8,165,30,10,2,0,0,2024,2024-10,44,174.0,11462.333333333334
2024-10-29,1340.0,1365.0,1332.0,20146,27180371.1,263,29,10,1,0,0,2024,2024-10,44,165.0,14815.666666666666
2024-10-28,1325.0,1365.0,1315.0,11180,14789316.0,174,28,10,0,0,0,2024,2024-10,44,263.0,14854.666666666666
2024-10-27,1315.0,1340.0,1307.0,14875,19539785.7,170,27,10,6,0,0,2024,2024-10,43,174.0,15400.333333333334
2024-10-24,1325.0,1346.0,1309.0,16134,21349122.4,245,24,10,3,0,0,2024,2024-10,43,170.0,14063.0
2024-10-23,1346.0,1367.0,1320.0,35945,48135013.1,447,23,10,2,1,0,2024,2024-10,43,245.0,22318.0
2024-10-22,1439.9,1445.0,1375.0,42715,61217259.8,546,22,10,1,1,0,2024,2024-10,43,447.0,31598.0
2024-10-21,1399.0,1438.0,1395.0,24816,34922786.7,327,21,10,0,0,0,2024,2024-10,43,546.0,34492.0
2024-10-20,1425.0,1462.0,1410.0,27005,38811184.3,381,20,10,6,0,0,2024,2024-10,42,327.0,31512.0
2024-10-17,1459.0,1498.9,1459.0,22318,33047493.3,285,17,10,3,0,0,2024,2024-10,42,381.0,24713.0
2024-10-16,1482.8,1485.0,1460.0,26275,38736456.6,295,16,10,2,0,0,2024,2024-10,42,285.0,25199.333333333332
2024-10-15,1444.0,1453.5,1422.0,15644,22500528.2,174,15,10,1,0,0,2024,2024-10,42,295.0,21412.333333333332
2024-10-09,1420.0,1455.0,1407.0,18225,25834748.9,210,9,10,2,0,0,2024,2024-10,41,174.0,20048.0
2024-10-08,1427.0,1460.0,1426.3,17483,25052341.9,199,8,10,1,0,0,2024,2024-10,41,210.0,17117.333333333332
2024-10-07,1455.0,1498.0,1435.0,40335,59064491.2,335,7,10,0,1,0,2024,2024-10,41,199.0,25347.666666666668
2024-10-06,1443.0,1456.0,1406.0,32564,46644300.0,308,6,10,6,1,0,2024,2024-10,40,335.0,30127.333333333332
2024-10-02,1430.0,1481.0,1415.3,42109,60774681.0,560,2,10,2,1,0,2024,2024-10,40,308.0,38336.0
2024-10-01,1479.0,1479.0,1370.0,39100,55689454.6,536,1,10,1,1,0,2024,2024-10,40,560.0,37924.333333333336
2024-09-30,1359.0,1359.0,1244.1,56454,74930193.3,484,30,9,0,1,0,2024,2024-09,40,536.0,45887.666666666664
2024-09-29,1268.9,1302.0,1245.0,34209,43173716.8,404,29,9,6,1,0,2024,2024-09,39,484.0,43254.333333333336
2024-09-26,1281.0,1350.0,1280.0,32472,42488169.8,393,26,9,3,1,0,2024,2024-09,39,404.0,41045.0
2024-09-25,1323.0,1367.0,1295.0,24019,32036086.6,340,25,9,2,0,0,2024,2024-09,39,393.0,30233.333333333332
2024-09-24,1305.0,1400.0,1300.1,36300,48659280.6,489,24,9,1,1,0,2024,2024-09,39,340.0,30930.333333333332
2024-09-23,1366.0,1420.0,1366.0,34290,47485098.7,466,23,9,0,1,0,2024,2024-09,39,489.0,31536.333333333332
2024-09-22,1418.9,1500.0,1398.1,43890,62808744.0,387,22,9,6,1,0,2024,2024-09,38,466.0,38160.0
2024-09-18,1415.0,1465.0,1400.0,30876,43855359.6,370,18,9,2,0,0,2024,2024-09,38,387.0,36352.0
2024-09-16,1418.0,1479.0,1418.0,48930,70632590.1,622,16,9,0,1,0,2024,2024-09,38,370.0,41232.0
2024-09-15,1479.9,1588.0,1455.5,117369,178517127.2,1448,15,9,6,1,0,2024,2024-09,37,622.0,65725.0
2024-09-12,1588.1,1610.0,1540.0,104658,166130336.1,1036,12,9,3,1,0,2024,2024-09,37,1448.0,90319.0
2024-09-11,1546.0,1586.0,1515.0,62051,96539360.4,688,11,9,2,1,0,2024,2024-09,37,1036.0,94692.66666666667
2024-09-10,1537.0,1619.0,1506.0,66539,103991732.0,899,10,9,1,1,0,2024,2024-09,37,688.0,77749.33333333333
2024-09-09,1565.0,1579.6,1429.0,156964,239272872.4,1825,9,9,0,1,1,2024,2024-09,37,899.0,95184.66666666667
2024-09-08,1436.0,1499.9,1400.0,53159,77809477.5,722,8,9,6,1,0,2024,2024-09,36,1825.0,92220.66666666667
2024-09-05,1400.2,1439.0,1386.7,45004,63165095.2,489,5,9,3,1,0,2024,2024-09,36,722.0,85042.33333333333
2024-09-04,1415.0,1505.0,1406.0,45284,65997980.6,516,4,9,2,1,0,2024,2024-09,36,489.0,47815.666666666664
2024-09-03,1484.0,1528.0,1475.0,43326,65013984.1,587,3,9,1,1,0,2024,2024-09,36,516.0,44538.0
2024-09-02,1499.0,1499.0,1400.0,49102,71020715.1,663,2,9,0,1,0,2024,2024-09,36,587.0,45904.0
2024-09-01,1390.0,1475.0,1380.1,52947,74780444.2,643,1,9,6,1,0,2024,2024-09,35,663.0,48458.333333333336
2024-08-29,1426.0,1485.1,1406.0,44339,63833349.0,737,29,8,3,1,0,2024,2024-08,35,643.0,48796.0
2024-08-28,1430.0,1510.0,1415.0,39240,57402491.9,647,28,8,2,1,0,2024,2024-08,35,737.0,45508.666666666664
2024-08-27,1451.2,1526.0,1450.5,62731,92818145.5,927,27,8,1,1,0,2024,2024-08,35,647.0,48770.0
2024-08-25,1501.1,1576.1,1501.0,68209,104477983.1,772,25,8,6,1,0,2024,2024-08,34,927.0,56726.666666666664
2024-08-22,1547.0,1623.0,1540.1,47548,75211467.6,738,22,8,3,1,0,2024,2024-08,34,772.0,59496.0
2024-08-21,1593.0,1630.0,1521.0,87193,139027487.4,1120,21,8,2,1,0,2024,2024-08,34,738.0,67650.0
2024-08-18,1542.0,1600.0,1533.9,65802,102820099.0,972,18,8,6,1,0,2024,2024-08,33,1120.0,66847.66666666667
2024-08-15,1593.2,1683.0,1590.0,94345,152594305.0,1061,15,8,3,1,0,2024,2024-08,33,972.0,82446.66666666667
2024-08-14,1650.0,1790.0,1629.0,121664,204864618.0,1383,14,8,2,1,0,2024,2024-08,33,1061.0,93937.0
2024-08-13,1657.0,1719.0,1510.0,128553,205683008.1,1616,13,8,1,1,0,2024,2024-08,33,1383.0,114854.0
2024-08-12,1564.0,1610.0,1563.1,75984,120047092.8,948,12,8,0,1,0,2024,2024-08,33,1616.0,108733.66666666667
2024-08-11,1578.0,1626.0,1570.0,90835,144960162.2,1138,11,8,6,1,0,2024,2024-08,32,948.0,98457.33333333333
2024-08-08,1570.0,1710.0,1563.1,127178,202655048.3,1506,8,8,3,1,0,2024,2024-08,32,1138.0,97999.0
2024-08-07,1645.0,1698.0,1575.0,116558,192179649.6,1453,7,8,2,1,0,2024,2024-08,32,1506.0,111523.66666666667
2024-08-06,1602.9,1816.0,1602.9,200293,337882552.2,2556,6,8,1,1,1,2024,2024-08,32,1453.0,148009.66666666666
2024-08-05,1781.0,1781.0,1631.0,163637,281425610.9,1864,5,8,0,1,1,2024,2024-08,32,2556.0,160162.66666666666
2024-08-01,1620.0,1729.0,1565.0,197986,325051566.0,2017,1,8,3,1,1,2024,2024-08,31,1864.0,187305.33333333334
2024-07-31,1640.0,1737.5,1580.0,144625,244384470.7,1485,31,7,2,1,0,2024,2024-07,31,2017.0,168749.33333333334
2024-07-30,1579.6,1580.5,1430.0,107565,163115374.0,1551,30,7,1,1,0,2024,2024-07,31,1485.0,150058.66666666666
2024-07-29,1436.9,1480.0,1350.0,145616,209591849.6,1542,29,7,0,1,0,2024,2024-07,31,1551.0,132602.0
2024-07-28,1354.1,1354.1,1230.5,212001,279707451.3,1484,28,7,6,1,1,2024,2024-07,30,1542.0,155060.66666666666
2024-07-25,1231.0,1297.0,1216.1,102097,126727699.4,1072,25,7,3,1,0,2024,2024-07,30,1484.0,153238.0
2024-07-24,1260.0,1305.5,1210.0,175829,223578627.4,1732,24,7,2,1,1,2024,2024-07,30,1072.0,163309.0
2024-07-23,1186.9,1186.9,1070.0,100641,116337645.3,878,23,7,1,1,0,2024,2024-07,30,1732.0,126189.0
2024-07-22,1079.0,1091.0,1058.0,84035,90094350.1,677,22,7,0,1,0,2024,2024-07,30,878.0,120168.33333333333
2024-07-21,1076.0,1100.0,1059.0,79354,85843138.3,815,21,7,6,1,0,2024,2024-07,29,677.0,88010.0
2024-07-18,1080.0,1119.0,1056.0,116913,127593009.4,980,18,7,3,1,0,2024,2024-07,29,815.0,93434.0
2024-07-17,1067.0,1078.0,1004.2,99977,104673219.9,762,17,7,2,1,0,2024,2024-07,29,980.0,98748.0
2024-07-16,1024.6,1045.0,1011.0,57867,59458226.2,537,16,7,1,1,0,2024,2024-07,29,762.0,91585.66666666667
2024-07-15,1013.0,1050.0,1012.0,87437,89468396.2,678,15,7,0,1,0,2024,2024-07,29,537.0,81760.33333333333
2024-07-14,1030.0,1080.0,1023.0,70746,73688773.2,619,14,7,6,1,0,2024,2024-07,28,678.0,72016.66666666667
2024-07-11,1020.0,1045.0,1014.0,76776,78456184.3,605,11,7,3,1,0,2024,2024-07,28,619.0,78319.66666666667
2024-07-10,1023.5,1033.8,989.0,148103,150899859.4,1206,10,7,2,1,0,2024,2024-07,28,605.0,98541.66666666667
2024-07-09,985.0,985.0,940.0,92026,89067447.4,682,9,7,1,1,0,2024,2024-07,28,1206.0,105635.0
2024-07-08,949.0,970.0,945.0,41376,39501592.4,396,8,7,0,1,0,2024,2024-07,28,682.0,93835.0
2024-07-07,960.0,969.0,930.0,91842,87671138.5,642,7,7,6,1,0,2024,2024-07,27,396.0,75081.33333333333
2024-07-04,927.0,949.0,926.0,38906,36321988.9,397,4,7,3,1,0,2024,2024-07,27,642.0,57374.666666666664
2024-07-03,925.0,933.8,916.0,17142,15823353.1,205,3,7,2,0,0,2024,2024-07,27,397.0,49296.666666666664
2024-07-02,933.0,970.0,924.0,46607,43662595.2,296,2,7,1,1,0,2024,2024-07,27,205.0,34218.333333333336
2024-07-01,924.0,932.0,913.2,20116,18595173.7,205,1,7,0,0,0,2024,2024-07,27,296.0,27955.0
2024-06-30,918.1,937.3,906.2,43495,40297255.5,278,30,6,6,1,0,2024,2024-06,26,205.0,36739.333333333336
